company_id,revenue_cagr_3yr,revenue_cagr_5yr,revenue_cagr_10yr,revenue_flag_3yr,revenue_flag_5yr,revenue_flag_10yr,pat_cagr_3yr,pat_cagr_5yr,pat_cagr_10yr,pat_flag_3yr,pat_flag_5yr,pat_flag_10yr,eps_cagr_3yr,eps_cagr_5yr,eps_cagr_10yr,eps_flag_3yr,eps_flag_5yr,eps_flag_10yr
ABB,10.71,9.72,9.9,OK,OK,OK,20.23,21.69,19.75,OK,OK,OK,20.24,21.66,19.77,OK,OK,OK
ADANIENSOL,18.72,17.85,,OK,OK,ZERO_BASE,-2.49,16.43,,OK,OK,ZERO_BASE,-3.13,14.87,,OK,OK,ZERO_BASE
ADANIENT,34.6,19.02,5.78,OK,OK,OK,47.18,45.81,2.34,OK,OK,OK,51.83,31.95,3.42,OK,OK,OK
ADANIGREEN,43.44,34.98,,OK,OK,INSUFFICIENT,90.59,,,OK,TURNAROUND,INSUFFICIENT,91.29,,,OK,TURNAROUND,INSUFFICIENT
ADANIPORTS,28.1,24.91,19.58,OK,OK,OK,50.32,27.91,14.91,OK,OK,OK,52.0,28.54,14.87,OK,OK,OK
ADANIPOWER,24.29,16.09,12.63,OK,OK,OK,154.07,,,OK,TURNAROUND,TURNAROUND,162.07,,,OK,TURNAROUND,TURNAROUND
AMBUJACEM,7.84,4.11,12.41,OK,OK,OK,11.13,8.08,12.65,OK,OK,OK,7.46,6.44,6.5,OK,OK,OK
APOLLOHOSP,21.75,14.66,15.9,OK,OK,OK,89.68,36.13,11.49,OK,OK,OK,84.69,29.95,10.6,OK,OK,OK
ASIANPAINT,17.8,13.03,11.25,OK,OK,OK,20.12,20.28,15.97,OK,OK,OK,19.98,20.97,15.93,OK,OK,OK
ATGL,38.18,21.09,,OK,OK,INSUFFICIENT,13.0,23.88,,OK,OK,INSUFFICIENT,14.47,24.57,,OK,OK,INSUFFICIENT
AXISBANK,19.97,14.74,13.57,OK,OK,OK,55.69,39.67,14.86,OK,OK,OK,54.41,35.1,12.03,OK,OK,OK
BAJAJ-AUTO,17.38,8.13,8.34,OK,OK,OK,16.64,9.36,8.59,OK,OK,OK,18.0,10.18,8.96,OK,OK,OK
BAJAJFINSV,22.13,20.97,33.75,OK,OK,OK,28.4,23.75,21.68,OK,OK,OK,22.12,20.59,17.69,OK,OK,OK
BAJAJHLDNG,55.01,31.61,14.94,OK,OK,OK,26.32,19.3,13.99,OK,OK,OK,25.8,18.97,13.82,OK,OK,OK
BAJFINANCE,27.26,24.35,,OK,OK,INSUFFICIENT,48.42,29.32,,OK,OK,INSUFFICIENT,47.23,27.56,,OK,OK,INSUFFICIENT
BANKBARODA,16.79,17.48,11.33,OK,OK,OK,126.68,74.51,14.12,OK,OK,OK,128.94,55.18,4.58,OK,OK,OK
BEL,12.83,10.75,12.01,OK,OK,OK,23.8,16.13,15.39,OK,OK,OK,18.56,10.76,17.46,OK,OK,OK
BHARTIARTL,14.23,13.17,5.74,OK,OK,OK,,38.36,10.98,TURNAROUND,OK,OK,,67.03,10.03,TURNAROUND,OK,OK
BHEL,11.34,-4.73,-4.92,OK,OK,OK,,-22.4,-22.27,TURNAROUND,OK,OK,,-19.73,-20.57,TURNAROUND,OK,OK
BOSCHLTD,19.84,6.72,6.06,OK,OK,OK,72.87,9.28,9.86,OK,OK,OK,72.65,9.26,10.48,OK,OK,OK
BPCL,24.86,8.48,5.42,OK,OK,OK,15.75,25.79,20.82,OK,OK,OK,18.78,28.06,21.29,OK,OK,OK
BRITANNIA,8.48,8.69,9.27,OK,OK,OK,4.86,13.06,18.37,OK,OK,OK,4.95,13.14,18.72,OK,OK,OK
CANBK,16.3,18.18,10.82,OK,OK,OK,73.34,85.78,19.14,OK,OK,OK,61.98,53.42,5.45,OK,OK,OK
CHOLAFIN,25.99,21.94,19.31,OK,OK,OK,31.01,23.36,24.97,OK,OK,OK,29.22,22.28,23.42,OK,OK,OK
CIPLA,10.39,9.51,9.74,OK,OK,OK,20.25,22.73,11.46,OK,OK,OK,19.35,21.83,11.61,OK,OK,OK
COALINDIA,16.49,7.4,7.26,OK,OK,OK,43.29,16.43,9.48,OK,OK,OK,42.68,16.85,9.78,OK,OK,OK
DABUR,9.06,7.81,5.8,OK,OK,OK,2.23,4.6,7.05,OK,OK,OK,0.0,4.56,7.18,OK,OK,OK
DIVISLAB,4.03,9.66,11.97,OK,OK,OK,-6.92,3.41,7.55,OK,OK,OK,-7.17,3.3,7.54,OK,OK,OK
DLF,5.88,-5.14,-2.52,OK,OK,OK,36.0,15.7,16.53,OK,OK,OK,40.1,12.89,10.65,OK,OK,OK
DMART,28.13,20.48,26.91,OK,OK,OK,32.14,22.97,31.74,OK,OK,OK,31.89,22.74,29.24,OK,OK,OK
DRREDDY,13.72,12.64,7.64,OK,OK,OK,41.91,23.39,11.01,OK,OK,OK,42.82,23.84,11.28,OK,OK,OK
EICHERMOT,23.78,11.04,8.4,OK,OK,OK,43.75,12.68,20.28,OK,OK,OK,43.9,12.51,22.98,OK,OK,OK
GAIL,32.42,11.83,7.99,OK,OK,OK,17.25,8.61,7.54,OK,OK,OK,18.56,8.45,7.92,OK,OK,OK
GODREJCP,8.52,6.45,6.37,OK,OK,OK,,,,DECLINE_TO_LOSS,DECLINE_TO_LOSS,DECLINE_TO_LOSS,,,,DECLINE_TO_LOSS,DECLINE_TO_LOSS,DECLINE_TO_LOSS
GRASIM,19.68,11.15,16.54,OK,OK,OK,12.42,29.31,12.89,OK,OK,OK,10.5,27.73,6.81,OK,OK,OK
HAL,9.91,8.71,7.22,OK,OK,OK,32.85,26.49,10.92,OK,OK,OK,33.42,26.64,15.07,OK,OK,OK
HAVELLS,21.14,13.04,8.73,OK,OK,OK,6.78,10.03,11.04,OK,OK,OK,5.57,9.0,11.07,OK,OK,OK
HCLTECH,13.4,12.71,13.08,OK,OK,OK,12.04,9.19,9.18,OK,OK,OK,12.26,9.41,9.69,OK,OK,OK
HDFCBANK,30.19,21.95,20.89,OK,OK,OK,27.12,23.87,22.26,OK,OK,OK,13.14,15.42,16.65,OK,OK,OK
HDFCLIFE,12.37,21.17,19.45,OK,OK,OK,4.97,4.25,8.06,OK,OK,OK,0.0,3.13,5.76,OK,OK,OK
HEROMOTOCO,6.87,2.15,4.1,OK,OK,OK,8.42,1.54,5.94,OK,OK,OK,8.6,1.69,5.94,OK,OK,OK
HINDALCO,17.83,10.59,9.43,OK,OK,OK,42.86,13.07,16.55,OK,OK,OK,41.16,13.4,15.13,OK,OK,OK
HINDUNILVR,9.59,9.5,7.79,OK,OK,OK,8.73,11.15,10.02,OK,OK,OK,8.97,9.46,9.35,OK,OK,OK
ICICIBANK,21.4,17.25,12.42,OK,OK,OK,31.29,51.95,14.71,OK,OK,OK,32.64,55.18,14.0,OK,OK,OK
ICICIGI,18.99,12.91,16.76,OK,OK,OK,9.22,12.84,13.95,OK,OK,OK,6.82,11.14,12.51,OK,OK,OK
ICICIPRULI,2.78,16.85,15.23,OK,OK,OK,-3.8,-5.66,-5.89,OK,OK,OK,-5.01,-5.59,-5.88,OK,OK,OK
INDIGO,67.58,19.31,20.01,OK,OK,OK,,120.69,32.93,TURNAROUND,OK,OK,,121.24,-34.88,TURNAROUND,OK,OK
INDUSINDBK,16.41,15.5,18.68,OK,OK,OK,46.68,22.08,20.32,OK,OK,OK,45.94,15.9,15.59,OK,OK,OK
INFY,15.22,13.2,11.85,OK,OK,OK,10.56,11.24,9.43,OK,OK,OK,11.87,12.47,10.6,OK,OK,OK
IOC,28.73,8.01,4.74,OK,OK,OK,25.64,20.1,20.01,OK,OK,OK,25.99,20.11,19.62,OK,OK,OK
IRCTC,76.47,17.96,,OK,OK,INSUFFICIENT,81.12,29.17,,OK,OK,INSUFFICIENT,91.29,28.47,,OK,OK,INSUFFICIENT
IRFC,19.1,19.07,15.7,OK,OK,OK,13.24,23.25,24.77,OK,OK,OK,18.56,20.11,-31.15,OK,OK,OK
ITC,12.89,7.95,7.22,OK,OK,OK,15.74,10.08,8.71,OK,OK,OK,13.3,9.86,8.62,OK,OK,OK
JINDALSTEL,13.35,1.4,10.07,OK,OK,OK,11.68,,12.1,OK,TURNAROUND,OK,17.23,,10.69,OK,TURNAROUND,OK
JIOFIN,,,,INSUFFICIENT,INSUFFICIENT,INSUFFICIENT,,,,INSUFFICIENT,INSUFFICIENT,INSUFFICIENT,,,,INSUFFICIENT,INSUFFICIENT,INSUFFICIENT
JSWENERGY,18.39,4.68,2.88,OK,OK,OK,27.98,20.32,8.54,OK,OK,OK,25.99,20.11,7.18,OK,OK,OK
JSWSTEEL,29.9,15.6,13.07,OK,OK,OK,4.46,3.59,36.42,OK,OK,OK,2.94,2.38,33.51,OK,OK,OK
KOTAKBANK,19.66,13.52,16.72,OK,OK,OK,22.16,20.38,21.84,OK,OK,OK,22.54,19.34,19.12,OK,OK,OK
LICI,6.98,8.16,,OK,OK,INSUFFICIENT,139.62,73.18,,OK,OK,INSUFFICIENT,111.26,,,OK,OK,INSUFFICIENT
LODHA,23.71,-2.83,10.98,OK,OK,OK,218.72,-1.12,12.43,OK,OK,OK,151.98,-5.29,4.91,OK,OK,OK
LT,17.59,10.34,10.03,OK,OK,OK,6.36,8.76,12.27,OK,OK,OK,5.03,8.56,10.5,OK,OK,OK
LTIM,42.13,30.33,21.86,OK,OK,OK,33.25,24.78,16.5,OK,OK,OK,11.77,12.24,-6.67,OK,OK,OK
M&M,23.25,5.84,6.51,OK,OK,OK,100.95,15.32,9.06,OK,OK,OK,82.38,16.18,9.13,OK,OK,OK
MARUTI,26.32,10.51,12.28,OK,OK,OK,45.39,12.01,16.8,OK,OK,OK,43.56,11.14,16.39,OK,OK,OK
MOTHERSON,19.82,9.21,12.49,OK,OK,OK,24.39,7.56,10.66,OK,OK,OK,25.99,5.92,7.18,OK,OK,OK
NAUKRI,31.0,17.12,16.16,OK,OK,OK,-25.13,0.1,25.79,OK,OK,OK,-26.32,-2.13,18.59,OK,OK,OK
NESTLEIND,18.28,14.55,9.49,OK,OK,OK,22.91,14.85,12.75,OK,OK,OK,23.06,15.44,13.07,OK,OK,OK
NHPC,-0.06,1.4,2.69,OK,OK,OK,3.82,7.27,9.45,OK,OK,OK,10.06,5.92,14.87,OK,OK,OK
NTPC,16.97,12.22,8.59,OK,OK,OK,12.53,8.74,6.46,OK,OK,OK,11.87,8.45,5.76,OK,OK,OK
ONGC,24.86,7.0,13.01,OK,OK,OK,38.79,10.97,7.91,OK,OK,OK,44.22,10.2,6.39,OK,OK,OK
PFC,8.49,11.08,15.64,OK,OK,OK,18.97,15.92,17.09,OK,OK,OK,18.56,14.87,13.44,OK,OK,OK
PIDILITIND,19.3,11.84,11.2,OK,OK,OK,15.77,13.49,14.53,OK,OK,OK,15.62,13.56,14.22,OK,OK,OK
PNB,10.0,15.9,9.27,OK,OK,OK,50.34,,9.56,OK,TURNAROUND,OK,58.74,,-8.76,OK,TURNAROUND,OK
POWERGRID,4.97,5.51,11.41,OK,OK,OK,8.97,9.19,13.1,OK,OK,OK,9.35,9.1,13.02,OK,OK,OK
RECLTD,10.15,13.34,10.68,OK,OK,OK,19.08,19.76,11.55,OK,OK,OK,19.06,19.67,11.61,OK,OK,OK
RELIANCE,24.46,9.61,7.57,OK,OK,OK,13.71,14.68,13.36,OK,OK,OK,9.35,11.95,12.29,OK,OK,OK
SBILIFE,17.24,24.23,22.56,OK,OK,OK,9.16,7.37,10.03,OK,OK,OK,8.2,7.89,10.5,OK,OK,OK
SBIN,16.45,11.63,8.79,OK,OK,OK,42.79,83.41,16.73,OK,OK,OK,44.22,90.37,14.72,OK,OK,OK
SHREECEM,14.81,10.33,13.64,OK,OK,OK,-9.49,11.29,8.21,OK,OK,OK,-9.43,10.68,7.82,OK,OK,OK
SHRIRAMFIN,27.83,18.56,15.68,OK,OK,OK,43.59,23.49,18.48,OK,OK,OK,29.4,14.29,13.49,OK,OK,OK
SIEMENS,19.0,11.19,7.61,OK,OK,OK,35.65,19.85,16.25,OK,OK,OK,34.84,19.64,16.15,OK,OK,OK
SUNPHARMA,13.13,10.78,11.67,OK,OK,OK,61.72,24.54,9.5,OK,OK,OK,49.38,29.46,10.31,OK,OK,OK
TATACONSUM,9.44,15.96,6.99,OK,OK,OK,9.32,21.6,9.07,OK,OK,OK,10.06,14.87,5.54,OK,OK,OK
TATAMOTORS,20.58,7.72,6.52,OK,OK,OK,,,8.51,TURNAROUND,TURNAROUND,OK,,,6.95,TURNAROUND,TURNAROUND,OK
TATAPOWER,23.4,15.51,5.57,OK,OK,OK,43.81,10.43,79.98,OK,OK,OK,44.22,5.92,,OK,OK,TURNAROUND
TATASTEEL,13.61,7.77,4.43,OK,OK,OK,,,,DECLINE_TO_LOSS,DECLINE_TO_LOSS,DECLINE_TO_LOSS,,,,DECLINE_TO_LOSS,DECLINE_TO_LOSS,DECLINE_TO_LOSS
TCS,13.63,10.46,11.4,OK,OK,OK,12.29,7.87,9.08,OK,OK,OK,13.01,8.62,9.99,OK,OK,OK
TECHM,11.16,8.4,10.71,OK,OK,OK,-18.04,-10.99,-2.42,OK,OK,OK,-19.5,-11.42,-2.84,OK,OK,OK
TITAN,33.14,20.9,16.68,OK,OK,OK,53.11,20.27,16.88,OK,OK,OK,52.48,19.51,17.16,OK,OK,OK
TORNTPHARM,10.25,6.93,9.9,OK,OK,OK,9.77,30.59,9.57,OK,OK,OK,9.82,30.39,9.37,OK,OK,OK
TRENT,68.36,36.31,18.16,OK,OK,OK,,73.11,,TURNAROUND,OK,TURNAROUND,,69.52,,TURNAROUND,OK,TURNAROUND
TVSMOTOR,26.32,14.19,16.66,OK,OK,OK,43.03,19.67,25.27,OK,OK,OK,40.43,19.14,24.57,OK,OK,OK
