company_id,year,sector,source_opm,calculated_opm,difference,remark
ADANIENSOL,Mar 2024,Energy,30.0,34.39,4.39,OPM mismatch
AXISBANK,Mar 2013,Financials,1353.0,30.58,1322.42,Financial sector - review separately
AXISBANK,Mar 2014,Financials,2307.0,31.47,2275.53,Financial sector - review separately
AXISBANK,Mar 2015,Financials,3097.0,31.36,3065.64,Financial sector - review separately
AXISBANK,Mar 2016,Financials,3466.0,32.61,3433.39,Financial sector - review separately
AXISBANK,Mar 2017,Financials,-5715.0,53.45,5768.45,Financial sector - review separately
AXISBANK,Mar 2018,Financials,-10277.0,63.12,10340.12,Financial sector - review separately
AXISBANK,Mar 2019,Financials,-5447.0,49.39,5496.39,Financial sector - review separately
AXISBANK,Mar 2020,Financials,-9859.0,55.98,9914.98,Financial sector - review separately
AXISBANK,Mar 2021,Financials,-2510.0,50.12,2560.12,Financial sector - review separately
AXISBANK,Mar 2022,Financials,3170.0,44.47,3125.53,Financial sector - review separately
AXISBANK,Mar 2023,Financials,13857.0,34.16,13822.84,Financial sector - review separately
AXISBANK,Mar 2024,Financials,11952.0,34.69,11917.31,Financial sector - review separately
AXISBANK,TTM,Financials,9061.0,36.94,9024.06,Financial sector - review separately
BAJFINANCE,Mar 2015,Financials,1367.0,32.49,1334.51,Financial sector - review separately
BAJFINANCE,Mar 2016,Financials,1986.0,32.25,1953.75,Financial sector - review separately
BAJFINANCE,Mar 2017,Financials,2867.0,32.6,2834.4,Financial sector - review separately
BAJFINANCE,Mar 2018,Financials,3935.0,32.28,3902.72,Financial sector - review separately
BAJFINANCE,Mar 2019,Financials,6310.0,29.5,6280.5,Financial sector - review separately
BAJFINANCE,Mar 2020,Financials,7608.0,34.73,7573.27,Financial sector - review separately
BAJFINANCE,Mar 2021,Financials,6314.0,40.64,6273.36,Financial sector - review separately
BAJFINANCE,Mar 2022,Financials,9906.0,37.55,9868.45,Financial sector - review separately
BAJFINANCE,Mar 2023,Financials,16018.0,30.65,15987.35,Financial sector - review separately
BAJFINANCE,Mar 2024,Financials,19987.0,29.29,19957.71,Financial sector - review separately
BAJFINANCE,TTM,Financials,21417.0,30.42,21386.58,Financial sector - review separately
BANKBARODA,Mar 2013,Financials,1006.0,30.05,975.95,Financial sector - review separately
BANKBARODA,Mar 2014,Financials,809.0,29.78,779.22,Financial sector - review separately
BANKBARODA,Mar 2015,Financials,902.0,29.98,872.02,Financial sector - review separately
BANKBARODA,Mar 2016,Financials,-11700.0,55.44,11755.44,Financial sector - review separately
BANKBARODA,Mar 2017,Financials,-4372.0,43.28,4415.28,Financial sector - review separately
BANKBARODA,Mar 2018,Financials,-9197.0,56.65,9253.65,Financial sector - review separately
BANKBARODA,Mar 2019,Financials,-5414.0,48.79,5462.79,Financial sector - review separately
BANKBARODA,Mar 2020,Financials,-11728.0,51.44,11779.44,Financial sector - review separately
BANKBARODA,Mar 2021,Financials,-6957.0,51.23,7008.23,Financial sector - review separately
BANKBARODA,Mar 2022,Financials,-2948.0,51.12,2999.12,Financial sector - review separately
BANKBARODA,Mar 2023,Financials,6329.0,40.45,6288.55,Financial sector - review separately
BANKBARODA,Mar 2024,Financials,4102.0,37.49,4064.51,Financial sector - review separately
BANKBARODA,TTM,Financials,3526.0,37.42,3488.58,Financial sector - review separately
CANBK,Mar 2013,Financials,655.0,21.18,633.82,Financial sector - review separately
CANBK,Mar 2014,Financials,-672.0,24.35,696.35,Financial sector - review separately
CANBK,Mar 2015,Financials,-621.0,23.51,644.51,Financial sector - review separately
CANBK,Mar 2016,Financials,-8008.0,40.38,8048.38,Financial sector - review separately
CANBK,Mar 2017,Financials,-5775.0,37.85,5812.85,Financial sector - review separately
CANBK,Mar 2018,Financials,-13350.0,61.87,13411.87,Financial sector - review separately
CANBK,Mar 2019,Financials,-11590.0,56.73,11646.73,Financial sector - review separately
CANBK,Mar 2020,Financials,-12867.0,53.88,12920.88,Financial sector - review separately
CANBK,Mar 2021,Financials,-18367.0,61.83,18428.83,Financial sector - review separately
CANBK,Mar 2022,Financials,-13657.0,58.39,13715.39,Financial sector - review separately
CANBK,Mar 2023,Financials,-9877.0,49.8,9926.8,Financial sector - review separately
CANBK,Mar 2024,Financials,-7745.0,41.75,7786.75,Financial sector - review separately
CANBK,TTM,Financials,-8985.0,40.23,9025.23,Financial sector - review separately
CHOLAFIN,Mar 2013,Financials,472.0,26.77,445.23,Financial sector - review separately
CHOLAFIN,Mar 2014,Financials,578.0,28.42,549.58,Financial sector - review separately
CHOLAFIN,Mar 2015,Financials,696.0,28.56,667.44,Financial sector - review separately
CHOLAFIN,Mar 2016,Financials,899.0,30.04,868.96,Financial sector - review separately
CHOLAFIN,Mar 2017,Financials,1143.0,28.16,1114.84,Financial sector - review separately
CHOLAFIN,Mar 2018,Financials,1451.0,26.1,1424.9,Financial sector - review separately
CHOLAFIN,Mar 2019,Financials,1888.0,22.96,1865.04,Financial sector - review separately
CHOLAFIN,Mar 2020,Financials,1699.0,27.79,1671.21,Financial sector - review separately
CHOLAFIN,Mar 2021,Financials,2094.0,30.4,2063.6,Financial sector - review separately
CHOLAFIN,Mar 2022,Financials,2924.0,28.83,2895.17,Financial sector - review separately
CHOLAFIN,Mar 2023,Financials,3515.0,28.1,3486.9,Financial sector - review separately
CHOLAFIN,Mar 2024,Financials,4548.0,28.1,4519.9,Financial sector - review separately
CHOLAFIN,TTM,Financials,5175.0,28.67,5146.33,Financial sector - review separately
CIPLA,Mar 2013,Healthcare,2214.0,73.26,2140.74,OPM mismatch
CIPLA,Mar 2014,Healthcare,2147.0,78.9,2068.1,OPM mismatch
CIPLA,Mar 2015,Healthcare,2163.0,80.94,2082.06,OPM mismatch
CIPLA,Mar 2016,Healthcare,2480.0,82.02,2397.98,OPM mismatch
CIPLA,Mar 2017,Healthcare,2496.0,82.66,2413.34,OPM mismatch
CIPLA,Mar 2018,Healthcare,2826.0,81.35,2744.65,OPM mismatch
CIPLA,Mar 2019,Healthcare,3097.0,81.07,3015.93,OPM mismatch
CIPLA,Mar 2020,Healthcare,3206.0,81.29,3124.71,OPM mismatch
CIPLA,Mar 2021,Healthcare,4252.0,77.8,4174.2,OPM mismatch
CIPLA,Mar 2022,Healthcare,4553.0,79.08,4473.92,OPM mismatch
CIPLA,Mar 2023,Healthcare,5027.0,77.91,4949.09,OPM mismatch
CIPLA,Mar 2024,Healthcare,6291.0,75.59,6215.41,OPM mismatch
CIPLA,TTM,Healthcare,6906.0,74.4,6831.6,OPM mismatch
COALINDIA,Mar 2013,Materials,18087.0,73.52,18013.48,OPM mismatch
COALINDIA,Mar 2014,Materials,17766.0,74.84,17691.16,OPM mismatch
COALINDIA,Mar 2015,Materials,17343.0,76.6,17266.4,OPM mismatch
COALINDIA,Mar 2016,Materials,18714.0,75.96,18638.04,OPM mismatch
COALINDIA,Mar 2017,Materials,12448.0,84.07,12363.93,OPM mismatch
COALINDIA,Mar 2018,Materials,9288.0,89.1,9198.9,OPM mismatch
COALINDIA,Mar 2019,Materials,25007.0,74.89,24932.11,OPM mismatch
COALINDIA,Mar 2020,Materials,21581.0,77.54,21503.46,OPM mismatch
COALINDIA,Mar 2021,Materials,18628.0,79.31,18548.69,OPM mismatch
COALINDIA,Mar 2022,Materials,24721.0,77.47,24643.53,OPM mismatch
COALINDIA,Mar 2023,Materials,44232.0,68.01,44163.99,OPM mismatch
COALINDIA,Mar 2024,Materials,47971.0,66.29,47904.71,OPM mismatch
COALINDIA,TTM,Materials,46610.0,66.78,46543.22,OPM mismatch
HDFCBANK,Mar 2013,Financials,3534.0,35.22,3498.78,Financial sector - review separately
HDFCBANK,Mar 2014,Financials,5602.0,31.74,5570.26,Financial sector - review separately
HDFCBANK,Mar 2015,Financials,7214.0,31.9,7182.1,Financial sector - review separately
HDFCBANK,Mar 2016,Financials,9037.0,31.75,9005.25,Financial sector - review separately
HDFCBANK,Mar 2017,Financials,11374.0,32.56,11341.44,Financial sector - review separately
HDFCBANK,Mar 2018,Financials,13374.0,34.63,13339.37,Financial sector - review separately
HDFCBANK,Mar 2019,Financials,16592.0,33.15,16558.85,Financial sector - review separately
HDFCBANK,Mar 2020,Financials,14593.0,37.2,14555.8,Financial sector - review separately
HDFCBANK,Mar 2021,Financials,16848.0,40.81,16807.19,Financial sector - review separately
HDFCBANK,Mar 2022,Financials,20795.0,41.61,20753.39,Financial sector - review separately
HDFCBANK,Mar 2023,Financials,29932.0,36.92,29895.08,Financial sector - review separately
HDFCBANK,Mar 2024,Financials,-44685.0,61.41,44746.41,Financial sector - review separately
HDFCBANK,TTM,Financials,-57587.0,62.61,57649.61,Financial sector - review separately
HDFCLIFE,Mar 2013,Financials,525.0,96.27,428.73,Financial sector - review separately
HDFCLIFE,Mar 2014,Financials,605.0,96.48,508.52,Financial sector - review separately
HDFCLIFE,Mar 2015,Financials,874.0,96.79,777.21,Financial sector - review separately
HDFCLIFE,Mar 2016,Financials,953.0,94.74,858.26,Financial sector - review separately
HDFCLIFE,Mar 2017,Financials,972.0,96.83,875.17,Financial sector - review separately
HDFCLIFE,Mar 2018,Financials,1074.0,96.67,977.33,Financial sector - review separately
HDFCLIFE,Mar 2019,Financials,1215.0,96.87,1118.13,Financial sector - review separately
HDFCLIFE,Mar 2020,Financials,1141.0,96.12,1044.88,Financial sector - review separately
HDFCLIFE,Mar 2021,Financials,1235.0,98.27,1136.73,Financial sector - review separately
HDFCLIFE,Mar 2022,Financials,778.0,98.84,679.16,Financial sector - review separately
HDFCLIFE,Mar 2023,Financials,80.0,99.89,19.89,Financial sector - review separately
HDFCLIFE,Mar 2024,Financials,531.0,99.48,431.52,Financial sector - review separately
HDFCLIFE,TTM,Financials,725.0,99.28,625.72,Financial sector - review separately
HEROMOTOCO,Mar 2014,Consumer Discretionary,3553.0,85.94,3467.06,OPM mismatch
HEROMOTOCO,Mar 2015,Consumer Discretionary,3520.0,87.22,3432.78,OPM mismatch
HEROMOTOCO,Mar 2016,Consumer Discretionary,4424.0,84.45,4339.55,OPM mismatch
HEROMOTOCO,Mar 2017,Consumer Discretionary,4585.0,83.97,4501.03,OPM mismatch
HEROMOTOCO,Mar 2018,Consumer Discretionary,5334.0,83.57,5250.43,OPM mismatch
HEROMOTOCO,Mar 2019,Consumer Discretionary,5025.0,85.21,4939.79,OPM mismatch
HEROMOTOCO,Mar 2020,Consumer Discretionary,4070.0,86.09,3983.91,OPM mismatch
HEROMOTOCO,Mar 2021,Consumer Discretionary,4058.0,86.9,3971.1,OPM mismatch
HEROMOTOCO,Mar 2022,Consumer Discretionary,3256.0,88.98,3167.02,OPM mismatch
HEROMOTOCO,Mar 2023,Consumer Discretionary,4099.0,88.0,4011.0,OPM mismatch
HEROMOTOCO,Mar 2024,Consumer Discretionary,5235.0,86.15,5148.85,OPM mismatch
HEROMOTOCO,TTM,Consumer Discretionary,5561.0,86.13,5474.87,OPM mismatch
HINDALCO,Mar 2013,Materials,7699.0,90.4,7608.6,OPM mismatch
HINDALCO,Mar 2014,Materials,8024.0,90.85,7933.15,OPM mismatch
HINDALCO,Mar 2015,Materials,8844.0,91.52,8752.48,OPM mismatch
HINDALCO,Mar 2016,Materials,7778.0,92.12,7685.88,OPM mismatch
HINDALCO,Mar 2017,Materials,12317.0,87.71,12229.29,OPM mismatch
HINDALCO,Mar 2018,Materials,13695.0,88.11,13606.89,OPM mismatch
HINDALCO,Mar 2019,Materials,15511.0,88.12,15422.88,OPM mismatch
HINDALCO,Mar 2020,Materials,14306.0,87.89,14218.11,OPM mismatch
HINDALCO,Mar 2021,Materials,17559.0,86.7,17472.3,OPM mismatch
HINDALCO,Mar 2022,Materials,28347.0,85.47,28261.53,OPM mismatch
HINDALCO,Mar 2023,Materials,22666.0,89.85,22576.15,OPM mismatch
HINDALCO,Mar 2024,Materials,23872.0,88.95,23783.05,OPM mismatch
HINDALCO,TTM,Materials,27931.0,87.53,27843.47,OPM mismatch
HINDUNILVR,Mar 2013,Consumer Staples,4220.0,84.37,4135.63,OPM mismatch
HINDUNILVR,Mar 2014,Consumer Staples,4759.0,83.72,4675.28,OPM mismatch
HINDUNILVR,Mar 2015,Consumer Staples,5412.0,83.07,5328.93,OPM mismatch
HINDUNILVR,Mar 2016,Consumer Staples,5910.0,81.64,5828.36,OPM mismatch
HINDUNILVR,Mar 2017,Consumer Staples,6328.0,80.92,6247.08,OPM mismatch
HINDUNILVR,Mar 2018,Consumer Staples,7499.0,78.9,7420.1,OPM mismatch
HINDUNILVR,Mar 2019,Consumer Staples,8880.0,77.41,8802.59,OPM mismatch
HINDUNILVR,Mar 2020,Consumer Staples,9861.0,75.21,9785.79,OPM mismatch
HINDUNILVR,Mar 2021,Consumer Staples,11626.0,75.28,11550.72,OPM mismatch
HINDUNILVR,Mar 2022,Consumer Staples,12857.0,75.49,12781.51,OPM mismatch
HINDUNILVR,Mar 2023,Consumer Staples,14147.0,76.65,14070.35,OPM mismatch
HINDUNILVR,Mar 2024,Consumer Staples,14659.0,76.32,14582.68,OPM mismatch
HINDUNILVR,TTM,Consumer Staples,14759.0,76.45,14682.55,OPM mismatch
ICICIBANK,Mar 2013,Financials,-15085.0,70.59,15155.59,Financial sector - review separately
ICICIBANK,Mar 2014,Financials,-13084.0,66.4,13150.4,Financial sector - review separately
ICICIBANK,Mar 2015,Financials,-16120.0,70.53,16190.53,Financial sector - review separately
ICICIBANK,Mar 2016,Financials,-26955.0,88.12,27043.12,Financial sector - review separately
ICICIBANK,Mar 2017,Financials,-37737.0,104.76,37841.76,Financial sector - review separately
ICICIBANK,Mar 2018,Financials,-44906.0,117.12,45023.12,Financial sector - review separately
ICICIBANK,Mar 2019,Financials,-50971.0,116.38,51087.38,Financial sector - review separately
ICICIBANK,Mar 2020,Financials,-45190.0,100.62,45290.62,Financial sector - review separately
ICICIBANK,Mar 2021,Financials,-44805.0,102.41,44907.41,Financial sector - review separately
ICICIBANK,Mar 2022,Financials,-26558.0,84.69,26642.69,Financial sector - review separately
ICICIBANK,Mar 2023,Financials,-17341.0,72.57,17413.57,Financial sector - review separately
ICICIBANK,Mar 2024,Financials,-14152.0,62.41,14214.41,Financial sector - review separately
ICICIBANK,TTM,Financials,-31575.0,69.63,31644.63,Financial sector - review separately
ICICIGI,Mar 2013,Financials,-178.0,104.46,282.46,Financial sector - review separately
ICICIGI,Mar 2014,Financials,-225.0,105.19,330.19,Financial sector - review separately
ICICIGI,Mar 2015,Financials,-221.0,105.24,326.24,Financial sector - review separately
ICICIGI,Mar 2016,Financials,764.0,87.34,676.66,Financial sector - review separately
ICICIGI,Mar 2017,Financials,919.0,87.78,831.22,Financial sector - review separately
ICICIGI,Mar 2018,Financials,-262.0,103.79,365.79,Financial sector - review separately
ICICIGI,Mar 2019,Financials,1669.0,85.05,1583.95,Financial sector - review separately
ICICIGI,Mar 2020,Financials,1772.0,84.61,1687.39,Financial sector - review separately
ICICIGI,Mar 2021,Financials,2072.0,82.97,1989.03,Financial sector - review separately
ICICIGI,Mar 2022,Financials,1016.0,93.66,922.34,Financial sector - review separately
ICICIGI,Mar 2023,Financials,1264.0,92.93,1171.07,Financial sector - review separately
ICICIGI,Mar 2024,Financials,2577.0,87.42,2489.58,Financial sector - review separately
ICICIGI,TTM,Financials,3363.0,85.57,3277.43,Financial sector - review separately
ICICIPRULI,Mar 2013,Financials,745.0,96.28,648.72,Financial sector - review separately
ICICIPRULI,Mar 2014,Financials,1504.0,93.13,1410.87,Financial sector - review separately
ICICIPRULI,Mar 2015,Financials,1655.0,95.2,1559.8,Financial sector - review separately
ICICIPRULI,Mar 2016,Financials,1842.0,91.17,1750.83,Financial sector - review separately
ICICIPRULI,Mar 2017,Financials,1806.0,95.22,1710.78,Financial sector - review separately
ICICIPRULI,Mar 2018,Financials,1771.0,95.44,1675.56,Financial sector - review separately
ICICIPRULI,Mar 2019,Financials,541.0,98.7,442.3,Financial sector - review separately
ICICIPRULI,Mar 2020,Financials,-319.0,101.52,420.52,Financial sector - review separately
ICICIPRULI,Mar 2021,Financials,-390.0,100.47,490.47,Financial sector - review separately
ICICIPRULI,Mar 2022,Financials,-2163.0,103.4,2266.4,Financial sector - review separately
ICICIPRULI,Mar 2023,Financials,-1757.0,103.48,1860.48,Financial sector - review separately
ICICIPRULI,Mar 2024,Financials,-1829.0,102.03,1931.03,Financial sector - review separately
ICICIPRULI,TTM,Financials,321.0,99.59,221.41,Financial sector - review separately
INDUSINDBK,Mar 2013,Financials,286.0,27.88,258.12,Financial sector - review separately
INDUSINDBK,Mar 2014,Financials,335.0,30.95,304.05,Financial sector - review separately
INDUSINDBK,Mar 2015,Financials,288.0,32.33,255.67,Financial sector - review separately
INDUSINDBK,Mar 2016,Financials,329.0,35.28,293.72,Financial sector - review separately
INDUSINDBK,Mar 2017,Financials,379.0,39.46,339.54,Financial sector - review separately
INDUSINDBK,Mar 2018,Financials,942.0,37.93,904.07,Financial sector - review separately
INDUSINDBK,Mar 2019,Financials,-437.0,41.7,478.7,Financial sector - review separately
INDUSINDBK,Mar 2020,Financials,-553.0,43.81,596.81,Financial sector - review separately
INDUSINDBK,Mar 2021,Financials,-2469.0,55.16,2524.16,Financial sector - review separately
INDUSINDBK,Mar 2022,Financials,-839.0,51.39,890.39,Financial sector - review separately
INDUSINDBK,Mar 2023,Financials,2067.0,42.69,2024.31,Financial sector - review separately
INDUSINDBK,Mar 2024,Financials,2978.0,38.55,2939.45,Financial sector - review separately
INDUSINDBK,TTM,Financials,1323.0,41.03,1281.97,Financial sector - review separately
JIOFIN,Mar 2023,Financials,88.0,86.67,1.33,Financial sector - review separately
KOTAKBANK,Mar 2013,Financials,-1789.0,60.92,1849.92,Financial sector - review separately
KOTAKBANK,Mar 2014,Financials,-1379.0,58.84,1437.84,Financial sector - review separately
KOTAKBANK,Mar 2015,Financials,-3366.0,72.96,3438.96,Financial sector - review separately
KOTAKBANK,Mar 2016,Financials,-2263.0,56.57,2319.57,Financial sector - review separately
KOTAKBANK,Mar 2017,Financials,-3965.0,66.44,4031.44,Financial sector - review separately
KOTAKBANK,Mar 2018,Financials,-4141.0,66.87,4207.87,Financial sector - review separately
KOTAKBANK,Mar 2019,Financials,-5114.0,66.23,5180.23,Financial sector - review separately
KOTAKBANK,Mar 2020,Financials,-5005.0,67.45,5072.45,Financial sector - review separately
KOTAKBANK,Mar 2021,Financials,-9958.0,90.83,10048.83,Financial sector - review separately
KOTAKBANK,Mar 2022,Financials,-8512.0,90.98,8602.98,Financial sector - review separately
KOTAKBANK,Mar 2023,Financials,-5746.0,79.44,5825.44,Financial sector - review separately
KOTAKBANK,Mar 2024,Financials,-13382.0,83.67,13465.67,Financial sector - review separately
KOTAKBANK,TTM,Financials,-14146.0,79.42,14225.42,Financial sector - review separately
SUNPHARMA,Mar 2024,Healthcare,28.0,26.84,1.16,OPM mismatch
INDIGO,Mar 2013,Consumer Discretionary,855.0,90.71,764.29,OPM mismatch
INDIGO,Mar 2014,Consumer Discretionary,433.0,96.11,336.89,OPM mismatch
INDIGO,Mar 2015,Consumer Discretionary,1904.0,86.33,1817.67,OPM mismatch
INDIGO,Mar 2016,Consumer Discretionary,3164.0,80.4,3083.6,OPM mismatch
INDIGO,Mar 2017,Consumer Discretionary,2219.0,88.06,2130.94,OPM mismatch
INDIGO,Mar 2018,Consumer Discretionary,3030.0,86.84,2943.16,OPM mismatch
INDIGO,Mar 2019,Consumer Discretionary,-151.0,100.53,251.53,OPM mismatch
INDIGO,Mar 2020,Consumer Discretionary,4069.0,88.62,3980.38,OPM mismatch
INDIGO,Mar 2021,Consumer Discretionary,2.0,99.98,97.98,OPM mismatch
INDIGO,Mar 2022,Consumer Discretionary,558.0,97.85,460.15,OPM mismatch
INDIGO,Mar 2023,Consumer Discretionary,6521.0,88.02,6432.98,OPM mismatch
INDIGO,Mar 2024,Consumer Discretionary,16331.0,76.3,16254.7,OPM mismatch
INDIGO,TTM,Consumer Discretionary,15908.0,79.2,15828.8,OPM mismatch
