company_id,year,previous_pattern,current_pattern
ABB,Mar 2014,Reinvestor,Cash Accumulator
ABB,Mar 2015,Cash Accumulator,Reinvestor
ABB,Mar 2015,Reinvestor,Growth Funded by Debt
ABB,Mar 2016,Growth Funded by Debt,Reinvestor
ABB,Mar 2016,Reinvestor,Shareholder Returns
ABB,Mar 2018,Shareholder Returns,Reinvestor
ABB,Mar 2018,Reinvestor,Mixed
ABB,Mar 2019,Mixed,Shareholder Returns
ABB,Mar 2019,Shareholder Returns,Mixed
ABB,Mar 2020,Mixed,Shareholder Returns
ABB,Mar 2020,Shareholder Returns,Mixed
ABB,Mar 2021,Mixed,Shareholder Returns
ABB,Mar 2023,Shareholder Returns,Reinvestor
ABB,Mar 2023,Reinvestor,Mixed
ABB,Mar 2024,Mixed,Shareholder Returns
ADANIENSOL,Mar 2015,Cash Accumulator,Growth Funded by Debt
ADANIENSOL,Mar 2016,Growth Funded by Debt,Shareholder Returns
ADANIENSOL,Mar 2018,Shareholder Returns,Mixed
ADANIENSOL,Mar 2021,Mixed,Shareholder Returns
ADANIENSOL,Mar 2023,Shareholder Returns,Mixed
ADANIENSOL,Mar 2024,Mixed,Shareholder Returns
ADANIENT,Mar 2014,Mixed,Shareholder Returns
ADANIENT,Mar 2015,Shareholder Returns,Mixed
ADANIENT,Mar 2016,Mixed,Shareholder Returns
ADANIENT,Mar 2017,Shareholder Returns,Mixed
ADANIENT,Mar 2019,Mixed,Liquidating Assets
ADANIENT,Mar 2020,Liquidating Assets,Shareholder Returns
ADANIENT,Mar 2021,Shareholder Returns,Mixed
ADANIENT,Mar 2023,Mixed,Shareholder Returns
ADANIENT,Mar 2024,Shareholder Returns,Mixed
ADANIGREEN,Mar 2023,Mixed,Shareholder Returns
ADANIGREEN,Mar 2024,Shareholder Returns,Mixed
ADANIPORTS,Mar 2015,Mixed,Shareholder Returns
ADANIPORTS,Mar 2016,Shareholder Returns,Mixed
ADANIPORTS,Mar 2017,Mixed,Shareholder Returns
ADANIPORTS,Mar 2019,Shareholder Returns,Mixed
ADANIPORTS,Mar 2020,Mixed,Shareholder Returns
ADANIPORTS,Mar 2021,Shareholder Returns,Mixed
ADANIPORTS,Mar 2022,Mixed,Shareholder Returns
ADANIPOWER,Mar 2015,Mixed,Reinvestor
ADANIPOWER,Mar 2016,Reinvestor,Shareholder Returns
ADANIPOWER,Mar 2017,Shareholder Returns,Reinvestor
ADANIPOWER,Mar 2021,Reinvestor,Shareholder Returns
ADANIPOWER,Mar 2022,Shareholder Returns,Liquidating Assets
AGTL,Mar 2019,Mixed,Liquidating Assets
AGTL,Mar 2020,Liquidating Assets,Reinvestor
AGTL,Mar 2021,Reinvestor,Mixed
AGTL,Mar 2024,Mixed,Reinvestor
AMBUJACEM,Dec 2013,Shareholder Returns,Reinvestor
AMBUJACEM,Dec 2014,Reinvestor,Shareholder Returns
AMBUJACEM,Dec 2018,Shareholder Returns,Reinvestor
AMBUJACEM,Dec 2019,Reinvestor,Shareholder Returns
AMBUJACEM,Mar 2023,Shareholder Returns,Mixed
APOLLOHOSP,Mar 2014,Mixed,Shareholder Returns
APOLLOHOSP,Mar 2015,Shareholder Returns,Mixed
APOLLOHOSP,Mar 2018,Mixed,Shareholder Returns
ASIANPAINT,Mar 2015,Shareholder Returns,Reinvestor
ASIANPAINT,Mar 2016,Reinvestor,Shareholder Returns
ASIANPAINT,Mar 2017,Shareholder Returns,Reinvestor
ASIANPAINT,Mar 2018,Reinvestor,Shareholder Returns
ASIANPAINT,Mar 2022,Shareholder Returns,Reinvestor
ASIANPAINT,Mar 2024,Reinvestor,Shareholder Returns
AXISBANK,Mar 2015,Mixed,Growth Funded by Debt
AXISBANK,Mar 2016,Growth Funded by Debt,Distress Signal
AXISBANK,Mar 2017,Distress Signal,Shareholder Returns
AXISBANK,Mar 2018,Shareholder Returns,Growth Funded by Debt
AXISBANK,Mar 2019,Growth Funded by Debt,Mixed
AXISBANK,Mar 2024,Mixed,Growth Funded by Debt
BAJAJ-AUTO,Mar 2014,Reinvestor,Shareholder Returns
BAJAJ-AUTO,Mar 2015,Shareholder Returns,Reinvestor
BAJAJ-AUTO,Mar 2018,Reinvestor,Shareholder Returns
BAJAJ-AUTO,Mar 2019,Shareholder Returns,Reinvestor
BAJAJ-AUTO,Mar 2020,Reinvestor,Liquidating Assets
BAJAJ-AUTO,Mar 2021,Liquidating Assets,Reinvestor
BAJAJ-AUTO,Mar 2022,Reinvestor,Liquidating Assets
BAJAJ-AUTO,Mar 2024,Liquidating Assets,Reinvestor
BAJAJFINSV,Mar 2016,Distress Signal,Growth Funded by Debt
BAJAJFINSV,Mar 2017,Growth Funded by Debt,Distress Signal
BAJAJFINSV,Mar 2018,Distress Signal,Growth Funded by Debt
BAJAJFINSV,Mar 2021,Growth Funded by Debt,Mixed
BAJAJFINSV,Mar 2022,Mixed,Distress Signal
BAJAJFINSV,Mar 2023,Distress Signal,Growth Funded by Debt
BAJAJHLDNG,Mar 2016,Reinvestor,Liquidating Assets
BAJAJHLDNG,Mar 2017,Liquidating Assets,Pre-Revenue
BAJAJHLDNG,Mar 2018,Pre-Revenue,Reinvestor
BAJFINANCE,Mar 2018,Growth Funded by Debt,Distress Signal
BAJFINANCE,Mar 2019,Distress Signal,Growth Funded by Debt
BAJFINANCE,Mar 2022,Growth Funded by Debt,Distress Signal
BAJFINANCE,Mar 2023,Distress Signal,Growth Funded by Debt
BANKBARODA,Mar 2014,Shareholder Returns,Mixed
BANKBARODA,Mar 2015,Mixed,Shareholder Returns
BANKBARODA,Mar 2016,Shareholder Returns,Pre-Revenue
BANKBARODA,Mar 2017,Pre-Revenue,Shareholder Returns
BANKBARODA,Mar 2018,Shareholder Returns,Growth Funded by Debt
BANKBARODA,Mar 2020,Growth Funded by Debt,Mixed
BANKBARODA,Mar 2021,Mixed,Pre-Revenue
BANKBARODA,Mar 2022,Pre-Revenue,Reinvestor
BANKBARODA,Mar 2023,Reinvestor,Pre-Revenue
BANKBARODA,Mar 2024,Pre-Revenue,Growth Funded by Debt
BEL,Mar 2015,Other,Shareholder Returns
BEL,Mar 2017,Shareholder Returns,Other
BEL,Mar 2018,Other,Pre-Revenue
BEL,Mar 2019,Pre-Revenue,Reinvestor
BEL,Mar 2020,Reinvestor,Shareholder Returns
BEL,Mar 2023,Shareholder Returns,Liquidating Assets
BEL,Mar 2024,Liquidating Assets,Shareholder Returns
BHARTIARTL,Mar 2014,Shareholder Returns,Mixed
BHARTIARTL,Mar 2015,Mixed,Shareholder Returns
BHARTIARTL,Mar 2018,Shareholder Returns,Mixed
BHARTIARTL,Mar 2021,Mixed,Reinvestor
BHARTIARTL,Mar 2022,Reinvestor,Shareholder Returns
BHEL,Mar 2015,Mixed,Liquidating Assets
BHEL,Mar 2017,Liquidating Assets,Shareholder Returns
BHEL,Mar 2018,Shareholder Returns,Liquidating Assets
BHEL,Mar 2019,Liquidating Assets,Other
BHEL,Mar 2020,Other,Distress Signal
BHEL,Mar 2021,Distress Signal,Reinvestor
BHEL,Mar 2022,Reinvestor,Shareholder Returns
BHEL,Mar 2023,Shareholder Returns,Distress Signal
BOSCHLTD,Dec 2013,Reinvestor,Shareholder Returns
BOSCHLTD,Mar 2016,Shareholder Returns,Reinvestor
BOSCHLTD,Mar 2017,Reinvestor,Liquidating Assets
BOSCHLTD,Mar 2018,Liquidating Assets,Shareholder Returns
BOSCHLTD,Mar 2019,Shareholder Returns,Liquidating Assets
BOSCHLTD,Mar 2020,Liquidating Assets,Shareholder Returns
BOSCHLTD,Mar 2022,Shareholder Returns,Reinvestor
BOSCHLTD,Mar 2023,Reinvestor,Liquidating Assets
BPCL,Mar 2017,Shareholder Returns,Mixed
BPCL,Mar 2018,Mixed,Shareholder Returns
BPCL,Mar 2019,Shareholder Returns,Mixed
BPCL,Mar 2021,Mixed,Shareholder Returns
BRITANNIA,Mar 2014,Liquidating Assets,Shareholder Returns
BRITANNIA,Mar 2015,Shareholder Returns,Reinvestor
BRITANNIA,Mar 2016,Reinvestor,Shareholder Returns
BRITANNIA,Mar 2017,Shareholder Returns,Reinvestor
BRITANNIA,Mar 2018,Reinvestor,Shareholder Returns
BRITANNIA,Mar 2020,Shareholder Returns,Mixed
BRITANNIA,Mar 2021,Mixed,Liquidating Assets
BRITANNIA,Mar 2023,Liquidating Assets,Shareholder Returns
BRITANNIA,Mar 2024,Shareholder Returns,Liquidating Assets
CANBK,Mar 2016,Shareholder Returns,Reinvestor
CANBK,Mar 2017,Reinvestor,Mixed
CANBK,Mar 2018,Mixed,Growth Funded by Debt
CANBK,Mar 2019,Growth Funded by Debt,Shareholder Returns
CANBK,Mar 2020,Shareholder Returns,Growth Funded by Debt
CANBK,Mar 2021,Growth Funded by Debt,Mixed
CANBK,Mar 2023,Mixed,Growth Funded by Debt
CANBK,Mar 2024,Growth Funded by Debt,Reinvestor
CHOLAFIN,Mar 2014,Distress Signal,Growth Funded by Debt
CHOLAFIN,Mar 2022,Growth Funded by Debt,Distress Signal
CHOLAFIN,Mar 2023,Distress Signal,Growth Funded by Debt
CIPLA,Mar 2014,Mixed,Shareholder Returns
CIPLA,Mar 2015,Shareholder Returns,Mixed
CIPLA,Mar 2017,Mixed,Shareholder Returns
CIPLA,Mar 2020,Shareholder Returns,Liquidating Assets
CIPLA,Mar 2021,Liquidating Assets,Shareholder Returns
CIPLA,Mar 2024,Shareholder Returns,Reinvestor
COALINDIA,Mar 2014,Reinvestor,Liquidating Assets
COALINDIA,Mar 2018,Liquidating Assets,Shareholder Returns
COALINDIA,Mar 2019,Shareholder Returns,Reinvestor
COALINDIA,Mar 2020,Reinvestor,Liquidating Assets
COALINDIA,Mar 2022,Liquidating Assets,Shareholder Returns
COALINDIA,Mar 2024,Shareholder Returns,Reinvestor
DABUR,Mar 2015,Shareholder Returns,Reinvestor
DABUR,Mar 2019,Reinvestor,Liquidating Assets
DABUR,Mar 2020,Liquidating Assets,Shareholder Returns
DABUR,Mar 2023,Shareholder Returns,Reinvestor
DABUR,Mar 2024,Reinvestor,Shareholder Returns
DIVISLAB,Mar 2017,Reinvestor,Mixed
DIVISLAB,Mar 2018,Mixed,Reinvestor
DIVISLAB,Mar 2021,Reinvestor,Liquidating Assets
DIVISLAB,Mar 2022,Liquidating Assets,Reinvestor
DIVISLAB,Mar 2023,Reinvestor,Shareholder Returns
DIVISLAB,Mar 2024,Shareholder Returns,Reinvestor
DLF,Mar 2016,Liquidating Assets,Shareholder Returns
DLF,Mar 2017,Shareholder Returns,Distress Signal
DLF,Mar 2018,Distress Signal,Reinvestor
DLF,Mar 2019,Reinvestor,Cash Accumulator
DLF,Mar 2020,Cash Accumulator,Liquidating Assets
DLF,Mar 2023,Liquidating Assets,Shareholder Returns
DLF,Mar 2024,Shareholder Returns,Mixed
DMART,Mar 2018,Mixed,Liquidating Assets
DMART,Mar 2019,Liquidating Assets,Mixed
DMART,Mar 2021,Mixed,Shareholder Returns
DMART,Mar 2022,Shareholder Returns,Reinvestor
DMART,Mar 2023,Reinvestor,Shareholder Returns
DRREDDY,Mar 2014,Reinvestor,Shareholder Returns
DRREDDY,Mar 2024,Shareholder Returns,Reinvestor
EICHERMOT,Mar 2017,Shareholder Returns,Mixed
EICHERMOT,Mar 2018,Mixed,Shareholder Returns
EICHERMOT,Mar 2019,Shareholder Returns,Reinvestor
EICHERMOT,Mar 2021,Reinvestor,Shareholder Returns
EICHERMOT,Mar 2022,Shareholder Returns,Reinvestor
GAIL,Mar 2014,Mixed,Reinvestor
GAIL,Mar 2015,Reinvestor,Shareholder Returns
GAIL,Mar 2020,Shareholder Returns,Mixed
GAIL,Mar 2021,Mixed,Shareholder Returns
GAIL,Mar 2022,Shareholder Returns,Reinvestor
GAIL,Mar 2023,Reinvestor,Mixed
GAIL,Mar 2024,Mixed,Shareholder Returns
GODREJCP,Mar 2014,Mixed,Shareholder Returns
GODREJCP,Mar 2017,Shareholder Returns,Mixed
GODREJCP,Mar 2018,Mixed,Shareholder Returns
GODREJCP,Mar 2019,Shareholder Returns,Liquidating Assets
GODREJCP,Mar 2020,Liquidating Assets,Shareholder Returns
GODREJCP,Mar 2022,Shareholder Returns,Reinvestor
GODREJCP,Mar 2023,Reinvestor,Shareholder Returns
GODREJCP,Mar 2024,Shareholder Returns,Mixed
GRASIM,Mar 2014,Mixed,Shareholder Returns
GRASIM,Mar 2018,Shareholder Returns,Distress Signal
GRASIM,Mar 2019,Distress Signal,Growth Funded by Debt
GRASIM,Mar 2020,Growth Funded by Debt,Shareholder Returns
GRASIM,Mar 2022,Shareholder Returns,Reinvestor
GRASIM,Mar 2023,Reinvestor,Growth Funded by Debt
HAL,Mar 2019,Other,Distress Signal
HAL,Mar 2020,Distress Signal,Mixed
HAL,Mar 2021,Mixed,Shareholder Returns
HAVELLS,Mar 2016,Shareholder Returns,Reinvestor
HAVELLS,Mar 2017,Reinvestor,Shareholder Returns
HAVELLS,Mar 2019,Shareholder Returns,Liquidating Assets
HAVELLS,Mar 2020,Liquidating Assets,Shareholder Returns
HAVELLS,Mar 2021,Shareholder Returns,Mixed
HAVELLS,Mar 2022,Mixed,Shareholder Returns
HAVELLS,Mar 2023,Shareholder Returns,Liquidating Assets
HAVELLS,Mar 2024,Liquidating Assets,Shareholder Returns
HCLTECH,Jun 2014,Shareholder Returns,Reinvestor
HCLTECH,Mar 2017,Reinvestor,Shareholder Returns
HCLTECH,Mar 2018,Shareholder Returns,Reinvestor
HCLTECH,Mar 2020,Reinvestor,Shareholder Returns
HCLTECH,Mar 2022,Shareholder Returns,Liquidating Assets
HCLTECH,Mar 2023,Liquidating Assets,Shareholder Returns
HDFCBANK,Mar 2014,Growth Funded by Debt,Mixed
HDFCBANK,Mar 2015,Mixed,Growth Funded by Debt
HDFCBANK,Mar 2017,Growth Funded by Debt,Shareholder Returns
HDFCBANK,Mar 2018,Shareholder Returns,Mixed
HDFCBANK,Mar 2019,Mixed,Growth Funded by Debt
HDFCBANK,Mar 2021,Growth Funded by Debt,Shareholder Returns
HDFCBANK,Mar 2022,Shareholder Returns,Growth Funded by Debt
HDFCBANK,Mar 2023,Growth Funded by Debt,Mixed
HDFCBANK,Mar 2024,Mixed,Liquidating Assets
HDFCLIFE,Mar 2015,Pre-Revenue,Shareholder Returns
HDFCLIFE,Mar 2020,Shareholder Returns,Mixed
HDFCLIFE,Mar 2022,Mixed,Shareholder Returns
HDFCLIFE,Mar 2023,Shareholder Returns,Mixed
HDFCLIFE,Mar 2024,Mixed,Shareholder Returns
HEROMOTOCO,Mar 2015,Shareholder Returns,Liquidating Assets
HEROMOTOCO,Mar 2016,Liquidating Assets,Shareholder Returns
HEROMOTOCO,Mar 2019,Shareholder Returns,Liquidating Assets
HEROMOTOCO,Mar 2020,Liquidating Assets,Shareholder Returns
HEROMOTOCO,Mar 2022,Shareholder Returns,Reinvestor
HEROMOTOCO,Mar 2024,Reinvestor,Shareholder Returns
HINDALCO,Mar 2015,Mixed,Shareholder Returns
HINDALCO,Mar 2016,Shareholder Returns,Reinvestor
HINDALCO,Mar 2017,Reinvestor,Shareholder Returns
HINDALCO,Mar 2018,Shareholder Returns,Liquidating Assets
HINDALCO,Mar 2019,Liquidating Assets,Shareholder Returns
HINDALCO,Mar 2020,Shareholder Returns,Mixed
HINDALCO,Mar 2021,Mixed,Shareholder Returns
HINDUNILVR,Mar 2014,Liquidating Assets,Reinvestor
HINDUNILVR,Mar 2015,Reinvestor,Liquidating Assets
HINDUNILVR,Mar 2016,Liquidating Assets,Shareholder Returns
HINDUNILVR,Mar 2019,Shareholder Returns,Reinvestor
HINDUNILVR,Mar 2020,Reinvestor,Liquidating Assets
HINDUNILVR,Mar 2021,Liquidating Assets,Shareholder Returns
HINDUNILVR,Mar 2023,Shareholder Returns,Reinvestor
HINDUNILVR,Mar 2024,Reinvestor,Shareholder Returns
ICICIBANK,Mar 2015,Mixed,Growth Funded by Debt
ICICIBANK,Mar 2016,Growth Funded by Debt,Mixed
ICICIBANK,Mar 2017,Mixed,Shareholder Returns
ICICIBANK,Mar 2018,Shareholder Returns,Mixed
ICICIBANK,Mar 2019,Mixed,Shareholder Returns
ICICIBANK,Mar 2020,Shareholder Returns,Mixed
ICICIBANK,Mar 2021,Mixed,Shareholder Returns
ICICIBANK,Mar 2022,Shareholder Returns,Mixed
ICICIBANK,Mar 2023,Mixed,Growth Funded by Debt
ICICIBANK,Mar 2024,Growth Funded by Debt,Mixed
ICICIGI,Mar 2015,Mixed,Other
ICICIGI,Mar 2016,Other,Shareholder Returns
ICICIGI,Mar 2017,Shareholder Returns,Mixed
ICICIGI,Mar 2018,Mixed,Shareholder Returns
ICICIGI,Mar 2022,Shareholder Returns,Liquidating Assets
ICICIGI,Mar 2023,Liquidating Assets,Shareholder Returns
ICICIPRULI,Mar 2015,Other,Reinvestor
ICICIPRULI,Mar 2016,Reinvestor,Liquidating Assets
ICICIPRULI,Mar 2017,Liquidating Assets,Shareholder Returns
ICICIPRULI,Mar 2021,Shareholder Returns,Mixed
ICICIPRULI,Mar 2022,Mixed,Shareholder Returns
ICICIPRULI,Mar 2023,Shareholder Returns,Reinvestor
ICICIPRULI,Mar 2024,Reinvestor,Other
INDIGO,Mar 2015,Mixed,Shareholder Returns
INDIGO,Mar 2018,Shareholder Returns,Mixed
INDIGO,Mar 2019,Mixed,Shareholder Returns
INDIGO,Mar 2020,Shareholder Returns,Reinvestor
INDIGO,Mar 2021,Reinvestor,Other
INDIGO,Mar 2022,Other,Liquidating Assets
INDIGO,Mar 2023,Liquidating Assets,Reinvestor
INDIGO,Mar 2024,Reinvestor,Shareholder Returns
INDUSINDBK,Mar 2017,Growth Funded by Debt,Shareholder Returns
INDUSINDBK,Mar 2018,Shareholder Returns,Growth Funded by Debt
INDUSINDBK,Mar 2020,Growth Funded by Debt,Distress Signal
INDUSINDBK,Mar 2021,Distress Signal,Shareholder Returns
INDUSINDBK,Mar 2023,Shareholder Returns,Growth Funded by Debt
INDUSINDBK,Mar 2024,Growth Funded by Debt,Pre-Revenue
INFY,Mar 2015,Reinvestor,Liquidating Assets
INFY,Mar 2016,Liquidating Assets,Reinvestor
INFY,Mar 2018,Reinvestor,Liquidating Assets
INFY,Mar 2019,Liquidating Assets,Reinvestor
INFY,Mar 2020,Reinvestor,Shareholder Returns
INFY,Mar 2023,Shareholder Returns,Reinvestor
IOC,Mar 2014,Mixed,Shareholder Returns
IOC,Mar 2019,Shareholder Returns,Mixed
IOC,Mar 2021,Mixed,Shareholder Returns
IRCTC,Mar 2016,Reinvestor,Liquidating Assets
IRCTC,Mar 2019,Liquidating Assets,Shareholder Returns
IRCTC,Mar 2020,Shareholder Returns,Liquidating Assets
IRCTC,Mar 2021,Liquidating Assets,Shareholder Returns
IRCTC,Mar 2022,Shareholder Returns,Reinvestor
IRFC,Mar 2022,Distress Signal,Growth Funded by Debt
IRFC,Mar 2023,Growth Funded by Debt,Distress Signal
IRFC,Mar 2024,Distress Signal,Shareholder Returns
ITC,Mar 2015,Reinvestor,Shareholder Returns
ITC,Mar 2019,Shareholder Returns,Reinvestor
ITC,Mar 2021,Reinvestor,Liquidating Assets
ITC,Mar 2022,Liquidating Assets,Shareholder Returns
ITC,Mar 2023,Shareholder Returns,Reinvestor
ITC,Mar 2024,Reinvestor,Liquidating Assets
JINDALSTEL,Mar 2016,Mixed,Reinvestor
JINDALSTEL,Mar 2021,Reinvestor,Shareholder Returns
JINDALSTEL,Mar 2024,Shareholder Returns,Mixed
JIOFIN,Mar 2024,Shareholder Returns,Other
JSWENERGY,Mar 2020,Shareholder Returns,Liquidating Assets
JSWENERGY,Mar 2021,Liquidating Assets,Shareholder Returns
JSWENERGY,Mar 2023,Shareholder Returns,Mixed
JSWSTEEL,Mar 2014,Shareholder Returns,Mixed
JSWSTEEL,Mar 2015,Mixed,Shareholder Returns
JSWSTEEL,Mar 2016,Shareholder Returns,Reinvestor
JSWSTEEL,Mar 2017,Reinvestor,Shareholder Returns
JSWSTEEL,Mar 2019,Shareholder Returns,Mixed
JSWSTEEL,Mar 2021,Mixed,Shareholder Returns
KOTAKBANK,Mar 2014,Mixed,Shareholder Returns
KOTAKBANK,Mar 2015,Shareholder Returns,Mixed
KOTAKBANK,Mar 2018,Mixed,Growth Funded by Debt
KOTAKBANK,Mar 2019,Growth Funded by Debt,Mixed
KOTAKBANK,Mar 2020,Mixed,Shareholder Returns
KOTAKBANK,Mar 2021,Shareholder Returns,Reinvestor
KOTAKBANK,Mar 2022,Reinvestor,Mixed
KOTAKBANK,Mar 2023,Mixed,Growth Funded by Debt
KOTAKBANK,Mar 2024,Growth Funded by Debt,Mixed
LICI,Mar 2020,Liquidating Assets,Shareholder Returns
LICI,Mar 2021,Shareholder Returns,Liquidating Assets
LICI,Mar 2022,Liquidating Assets,Distress Signal
LICI,Mar 2023,Distress Signal,Shareholder Returns
LICI,Mar 2024,Shareholder Returns,Reinvestor
LODHA,Mar 2017,Mixed,Shareholder Returns
LODHA,Mar 2018,Shareholder Returns,Mixed
LODHA,Mar 2019,Mixed,Growth Funded by Debt
LODHA,Mar 2020,Growth Funded by Debt,Liquidating Assets
LODHA,Mar 2024,Liquidating Assets,Mixed
LT,Mar 2017,Growth Funded by Debt,Mixed
LT,Mar 2018,Mixed,Distress Signal
LT,Mar 2019,Distress Signal,Growth Funded by Debt
LT,Mar 2020,Growth Funded by Debt,Mixed
LT,Mar 2021,Mixed,Shareholder Returns
LT,Mar 2024,Shareholder Returns,Liquidating Assets
LTIM,Mar 2014,Shareholder Returns,Liquidating Assets
LTIM,Mar 2015,Liquidating Assets,Reinvestor
LTIM,Mar 2016,Reinvestor,Shareholder Returns
LTIM,Mar 2018,Shareholder Returns,Reinvestor
LTIM,Mar 2020,Reinvestor,Shareholder Returns
LTIM,Mar 2022,Shareholder Returns,Reinvestor
LTIM,Mar 2024,Reinvestor,Shareholder Returns
M&M,Mar 2015,Growth Funded by Debt,Mixed
M&M,Mar 2019,Mixed,Growth Funded by Debt
M&M,Mar 2021,Growth Funded by Debt,Mixed
M&M,Mar 2022,Mixed,Shareholder Returns
M&M,Mar 2023,Shareholder Returns,Growth Funded by Debt
MARUTI,Mar 2019,Shareholder Returns,Reinvestor
MARUTI,Mar 2021,Reinvestor,Shareholder Returns
MARUTI,Mar 2022,Shareholder Returns,Reinvestor
MARUTI,Mar 2023,Reinvestor,Shareholder Returns
MOTHERSON,Mar 2015,Shareholder Returns,Mixed
MOTHERSON,Mar 2016,Mixed,Shareholder Returns
MOTHERSON,Mar 2017,Shareholder Returns,Mixed
MOTHERSON,Mar 2018,Mixed,Shareholder Returns
MOTHERSON,Mar 2024,Shareholder Returns,Mixed
NAUKRI,Mar 2014,Reinvestor,Mixed
NAUKRI,Mar 2016,Mixed,Reinvestor
NAUKRI,Mar 2020,Reinvestor,Liquidating Assets
NAUKRI,Mar 2021,Liquidating Assets,Mixed
NESTLEIND,Dec 2019,Shareholder Returns,Liquidating Assets
NESTLEIND,Dec 2020,Liquidating Assets,Shareholder Returns
NHPC,Mar 2014,Reinvestor,Shareholder Returns
NHPC,Mar 2020,Shareholder Returns,Mixed
NHPC,Mar 2021,Mixed,Shareholder Returns
NTPC,Mar 2014,Mixed,Shareholder Returns
NTPC,Mar 2017,Shareholder Returns,Mixed
NTPC,Mar 2021,Mixed,Shareholder Returns
ONGC,Mar 2014,Shareholder Returns,Mixed
ONGC,Mar 2015,Mixed,Shareholder Returns
ONGC,Mar 2018,Shareholder Returns,Mixed
ONGC,Mar 2019,Mixed,Shareholder Returns
PFC,Mar 2015,Distress Signal,Growth Funded by Debt
PFC,Mar 2017,Growth Funded by Debt,Mixed
PFC,Mar 2018,Mixed,Distress Signal
PFC,Mar 2019,Distress Signal,Growth Funded by Debt
PFC,Mar 2021,Growth Funded by Debt,Distress Signal
PFC,Mar 2022,Distress Signal,Reinvestor
PFC,Mar 2023,Reinvestor,Growth Funded by Debt
PIDILITIND,Mar 2014,Shareholder Returns,Reinvestor
PIDILITIND,Mar 2015,Reinvestor,Shareholder Returns
PIDILITIND,Mar 2017,Shareholder Returns,Mixed
PIDILITIND,Mar 2018,Mixed,Liquidating Assets
PIDILITIND,Mar 2019,Liquidating Assets,Reinvestor
PIDILITIND,Mar 2020,Reinvestor,Liquidating Assets
PIDILITIND,Mar 2021,Liquidating Assets,Shareholder Returns
PIDILITIND,Mar 2022,Shareholder Returns,Reinvestor
PIDILITIND,Mar 2023,Reinvestor,Shareholder Returns
PNB,Mar 2014,Pre-Revenue,Mixed
PNB,Mar 2017,Mixed,Liquidating Assets
PNB,Mar 2018,Liquidating Assets,Distress Signal
PNB,Mar 2019,Distress Signal,Growth Funded by Debt
PNB,Mar 2021,Growth Funded by Debt,Mixed
PNB,Mar 2024,Mixed,Growth Funded by Debt
POWERGRID,Mar 2019,Mixed,Shareholder Returns
POWERGRID,Mar 2022,Shareholder Returns,Liquidating Assets
POWERGRID,Mar 2023,Liquidating Assets,Shareholder Returns
RECLTD,Mar 2016,Distress Signal,Growth Funded by Debt
RECLTD,Mar 2017,Growth Funded by Debt,Shareholder Returns
RECLTD,Mar 2018,Shareholder Returns,Distress Signal
RECLTD,Mar 2022,Distress Signal,Growth Funded by Debt
RELIANCE,Mar 2016,Mixed,Shareholder Returns
RELIANCE,Mar 2017,Shareholder Returns,Mixed
RELIANCE,Mar 2018,Mixed,Shareholder Returns
RELIANCE,Mar 2019,Shareholder Returns,Mixed
RELIANCE,Mar 2020,Mixed,Shareholder Returns
RELIANCE,Mar 2021,Shareholder Returns,Mixed
RELIANCE,Mar 2024,Mixed,Shareholder Returns
SBILIFE,Mar 2014,Shareholder Returns,Reinvestor
SBILIFE,Mar 2015,Reinvestor,Shareholder Returns
SBILIFE,Mar 2021,Shareholder Returns,Mixed
SBILIFE,Mar 2022,Mixed,Shareholder Returns
SBIN,Mar 2014,Shareholder Returns,Mixed
SBIN,Mar 2015,Mixed,Shareholder Returns
SBIN,Mar 2016,Shareholder Returns,Mixed
SBIN,Mar 2017,Mixed,Reinvestor
SBIN,Mar 2018,Reinvestor,Distress Signal
SBIN,Mar 2019,Distress Signal,Cash Accumulator
SBIN,Mar 2020,Cash Accumulator,Mixed
SBIN,Mar 2022,Mixed,Shareholder Returns
SBIN,Mar 2023,Shareholder Returns,Growth Funded by Debt
SBIN,Mar 2024,Growth Funded by Debt,Reinvestor
SHREECEM,Mar 2016,Shareholder Returns,Reinvestor
SHREECEM,Mar 2017,Reinvestor,Shareholder Returns
SHREECEM,Mar 2018,Shareholder Returns,Mixed
SHREECEM,Mar 2019,Mixed,Shareholder Returns
SHREECEM,Mar 2020,Shareholder Returns,Mixed
SHREECEM,Mar 2021,Mixed,Shareholder Returns
SHRIRAMFIN,Mar 2018,Growth Funded by Debt,Distress Signal
SHRIRAMFIN,Mar 2019,Distress Signal,Growth Funded by Debt
SHRIRAMFIN,Mar 2023,Growth Funded by Debt,Distress Signal
SHRIRAMFIN,Mar 2024,Distress Signal,Growth Funded by Debt
SIEMENS,Sep 2018,Liquidating Assets,Reinvestor
SIEMENS,Sep 2019,Reinvestor,Shareholder Returns
SIEMENS,Sep 2020,Shareholder Returns,Liquidating Assets
SIEMENS,Sep 2021,Liquidating Assets,Shareholder Returns
SIEMENS,Sep 2022,Shareholder Returns,Reinvestor
SUNPHARMA,Mar 2014,Reinvestor,Mixed
SUNPHARMA,Mar 2015,Mixed,Shareholder Returns
SUNPHARMA,Mar 2017,Shareholder Returns,Reinvestor
SUNPHARMA,Mar 2018,Reinvestor,Shareholder Returns
SUNPHARMA,Mar 2019,Shareholder Returns,Reinvestor
SUNPHARMA,Mar 2020,Reinvestor,Shareholder Returns
SUNPHARMA,Mar 2021,Shareholder Returns,Liquidating Assets
SUNPHARMA,Mar 2022,Liquidating Assets,Shareholder Returns
SUNPHARMA,Mar 2023,Shareholder Returns,Mixed
SUNPHARMA,Mar 2024,Mixed,Shareholder Returns
TATACONSUM,Mar 2014,Cash Accumulator,Reinvestor
TATACONSUM,Mar 2015,Reinvestor,Shareholder Returns
TATACONSUM,Mar 2016,Shareholder Returns,Liquidating Assets
TATACONSUM,Mar 2018,Liquidating Assets,Reinvestor
TATACONSUM,Mar 2019,Reinvestor,Liquidating Assets
TATACONSUM,Mar 2020,Liquidating Assets,Shareholder Returns
TATACONSUM,Mar 2024,Shareholder Returns,Mixed
TATAMOTORS,Mar 2015,Shareholder Returns,Mixed
TATAMOTORS,Mar 2016,Mixed,Shareholder Returns
TATAMOTORS,Mar 2017,Shareholder Returns,Mixed
TATAMOTORS,Mar 2022,Mixed,Reinvestor
TATAMOTORS,Mar 2023,Reinvestor,Shareholder Returns
TATAPOWER,Mar 2017,Shareholder Returns,Mixed
TATAPOWER,Mar 2018,Mixed,Shareholder Returns
TATAPOWER,Mar 2021,Shareholder Returns,Liquidating Assets
TATAPOWER,Mar 2022,Liquidating Assets,Shareholder Returns
TATAPOWER,Mar 2023,Shareholder Returns,Mixed
TATAPOWER,Mar 2024,Mixed,Shareholder Returns
TATASTEEL,Mar 2014,Reinvestor,Mixed
TATASTEEL,Mar 2015,Mixed,Reinvestor
TATASTEEL,Mar 2018,Reinvestor,Mixed
TATASTEEL,Mar 2019,Mixed,Shareholder Returns
TATASTEEL,Mar 2024,Shareholder Returns,Reinvestor
TCS,Mar 2018,Reinvestor,Liquidating Assets
TCS,Mar 2021,Liquidating Assets,Shareholder Returns
TCS,Mar 2023,Shareholder Returns,Liquidating Assets
TCS,Mar-13,Liquidating Assets,Reinvestor
TCS,Mar-18,Reinvestor,Liquidating Assets
TCS,Mar-21,Liquidating Assets,Reinvestor
TCS,Mar-23,Reinvestor,Liquidating Assets
TECHM,Mar 2014,Mixed,Liquidating Assets
TECHM,Mar 2015,Liquidating Assets,Reinvestor
TECHM,Mar 2016,Reinvestor,Shareholder Returns
TECHM,Mar 2018,Shareholder Returns,Reinvestor
TECHM,Mar 2019,Reinvestor,Shareholder Returns
TECHM,Mar 2020,Shareholder Returns,Liquidating Assets
TECHM,Mar 2021,Liquidating Assets,Shareholder Returns
TECHM,Mar 2022,Shareholder Returns,Liquidating Assets
TECHM,Mar 2023,Liquidating Assets,Shareholder Returns
TITAN,Mar 2014,Reinvestor,Growth Funded by Debt
TITAN,Mar 2015,Growth Funded by Debt,Reinvestor
TITAN,Mar 2017,Reinvestor,Shareholder Returns
TITAN,Mar 2018,Shareholder Returns,Other
TITAN,Mar 2019,Other,Reinvestor
TITAN,Mar 2020,Reinvestor,Other
TITAN,Mar 2021,Other,Shareholder Returns
TITAN,Mar 2022,Shareholder Returns,Other
TITAN,Mar 2023,Other,Mixed
TITAN,Mar 2024,Mixed,Reinvestor
TORNTPHARM,Mar 2016,Mixed,Shareholder Returns
TORNTPHARM,Mar 2018,Shareholder Returns,Mixed
TORNTPHARM,Mar 2019,Mixed,Shareholder Returns
TORNTPHARM,Mar 2020,Shareholder Returns,Liquidating Assets
TORNTPHARM,Mar 2021,Liquidating Assets,Shareholder Returns
TORNTPHARM,Mar 2023,Shareholder Returns,Mixed
TORNTPHARM,Mar 2024,Mixed,Shareholder Returns
TRENT,Mar 2014,Mixed,Pre-Revenue
TRENT,Mar 2015,Pre-Revenue,Growth Funded by Debt
TRENT,Mar 2016,Growth Funded by Debt,Shareholder Returns
TRENT,Mar 2018,Shareholder Returns,Reinvestor
TRENT,Mar 2019,Reinvestor,Mixed
TRENT,Mar 2021,Mixed,Liquidating Assets
TRENT,Mar 2023,Liquidating Assets,Shareholder Returns
TRENT,Mar 2024,Shareholder Returns,Reinvestor
TVSMOTOR,Mar 2015,Shareholder Returns,Mixed
TVSMOTOR,Mar 2016,Mixed,Shareholder Returns
TVSMOTOR,Mar 2018,Shareholder Returns,Mixed
TVSMOTOR,Mar 2019,Mixed,Growth Funded by Debt
TVSMOTOR,Mar 2020,Growth Funded by Debt,Mixed
TVSMOTOR,Mar 2022,Mixed,Growth Funded by Debt
ULTRACEMCO,Mar 2014,Mixed,Shareholder Returns
ULTRACEMCO,Mar 2018,Shareholder Returns,Liquidating Assets
ULTRACEMCO,Mar 2020,Liquidating Assets,Shareholder Returns
ULTRACEMCO,Mar 2022,Shareholder Returns,Liquidating Assets
ULTRACEMCO,Mar 2023,Liquidating Assets,Shareholder Returns
UNIONBANK,Mar 2014,Growth Funded by Debt,Mixed
UNIONBANK,Mar 2015,Mixed,Growth Funded by Debt
UNIONBANK,Mar 2016,Growth Funded by Debt,Reinvestor
UNIONBANK,Mar 2017,Reinvestor,Growth Funded by Debt
UNIONBANK,Mar 2018,Growth Funded by Debt,Mixed
UNIONBANK,Mar 2019,Mixed,Growth Funded by Debt
UNIONBANK,Mar 2021,Growth Funded by Debt,Shareholder Returns
UNIONBANK,Mar 2023,Shareholder Returns,Reinvestor
UNIONBANK,Mar 2024,Reinvestor,Shareholder Returns
UNITDSPR,Mar 2014,Reinvestor,Growth Funded by Debt
UNITDSPR,Mar 2015,Growth Funded by Debt,Other
UNITDSPR,Mar 2016,Other,Liquidating Assets
UNITDSPR,Mar 2017,Liquidating Assets,Shareholder Returns
UNITDSPR,Mar 2018,Shareholder Returns,Liquidating Assets
UNITDSPR,Mar 2019,Liquidating Assets,Shareholder Returns
UNITDSPR,Mar 2023,Shareholder Returns,Reinvestor
UNITDSPR,Mar 2024,Reinvestor,Liquidating Assets
VBL,Dec 2015,Mixed,Shareholder Returns
VBL,Dec 2016,Shareholder Returns,Mixed
VBL,Dec 2018,Mixed,Shareholder Returns
VBL,Dec 2019,Shareholder Returns,Mixed
VBL,Dec 2020,Mixed,Shareholder Returns
VBL,Dec 2023,Shareholder Returns,Mixed
VEDL,Mar 2014,Mixed,Shareholder Returns
VEDL,Mar 2015,Shareholder Returns,Reinvestor
VEDL,Mar 2017,Reinvestor,Liquidating Assets
VEDL,Mar 2019,Liquidating Assets,Shareholder Returns
VEDL,Mar 2020,Shareholder Returns,Reinvestor
VEDL,Mar 2021,Reinvestor,Shareholder Returns
WIPRO,Mar 2014,Shareholder Returns,Reinvestor
WIPRO,Mar 2017,Reinvestor,Shareholder Returns
WIPRO,Mar 2018,Shareholder Returns,Liquidating Assets
WIPRO,Mar 2022,Liquidating Assets,Mixed
WIPRO,Mar 2023,Mixed,Shareholder Returns
WIPRO,Mar 2024,Shareholder Returns,Liquidating Assets
ZOMATO,Mar 2021,Distress Signal,Growth Funded by Debt
ZOMATO,Mar 2023,Growth Funded by Debt,Other
ZOMATO,Mar 2024,Other,Shareholder Returns
ZYDUSLIFE,Mar 2014,Mixed,Shareholder Returns
ZYDUSLIFE,Mar 2015,Shareholder Returns,Reinvestor
ZYDUSLIFE,Mar 2017,Reinvestor,Mixed
ZYDUSLIFE,Mar 2020,Mixed,Shareholder Returns
ZYDUSLIFE,Mar 2022,Shareholder Returns,Reinvestor
ZYDUSLIFE,Mar 2023,Reinvestor,Liquidating Assets
ZYDUSLIFE,Mar 2024,Liquidating Assets,Reinvestor
